insert into countries (code, name) values
('ma', 'marruecos'),
('al', 'albania'),
('ad', 'andorra'),
('am', 'armenia'),
('at', 'austria'),
('by', 'bielorrusia'),
('be', 'bélgica'),
('ba', 'bosnia y herzegovina'),
('bg', 'bulgaria'),
('hr', 'croacia'),
('cy', 'chipre'),
('cz', 'república checa'),
('dk', 'dinamarca'),
('ee', 'estonia'),
('fi', 'finlandia'),
('fr', 'francia'),
('de', 'alemania'),
('gr', 'grecia'),
('hu', 'hungría'),
('is', 'islandia'),
('ie', 'irlanda'),
('it', 'italia'),
('lv', 'letonia'),
('li', 'liechtenstein'),
('lt', 'lituania'),
('lu', 'luxemburgo'),
('mt', 'malta'),
('md', 'moldavia'),
('mc', 'mónaco'),
('me', 'montenegro'),
('nl', 'países bajos'),
('mk', 'macedonia del norte'),
('no', 'noruega'),
('pl', 'polonia'),
('pt', 'portugal'),
('ro', 'rumanía'),
('ru', 'rusia'),
('sm', 'san marino'),
('rs', 'serbia'),
('sk', 'eslovaquia'),
('si', 'eslovenia'),
('es', 'españa'),
('se', 'suecia'),
('ch', 'suiza'),
('ua', 'ucrania'),
('gb', 'reino unido'),
('va', 'ciudad del vaticano'),
('ag', 'antigua y barbuda'),
('ar', 'argentina'),
('bs', 'bahamas'),
('bb', 'barbados'),
('bz', 'belice'),
('bo', 'bolivia'),
('br', 'brasil'),
('ca', 'canadá'),
('cl', 'chile'),
('co', 'colombia'),
('cr', 'costa rica'),
('cu', 'cuba'),
('dm', 'dominica'),
('do', 'república dominicana'),
('ec', 'ecuador'),
('sv', 'el salvador'),
('gd', 'granada'),
('gt', 'guatemala'),
('gy', 'guyana'),
('ht', 'haití'),
('hn', 'honduras'),
('jm', 'jamaica'),
('mx', 'méxico'),
('ni', 'nicaragua'),
('pa', 'panamá'),
('py', 'paraguay'),
('pe', 'perú'),
('kn', 'san cristóbal y nieves'),
('lc', 'santa lucía'),
('vc', 'san vicente y las granadinas'),
('sr', 'surinam'),
('tt', 'trinidad y tobago'),
('us', 'estados unidos'),
('uy', 'uruguay'),
('ve', 'venezuela'),
('au', 'australia'),
('fj', 'fiyi'),
('ki', 'kiribati'),
('mh', 'islas marshall'),
('fm', 'micronesia'),
('nr', 'nauru'),
('nz', 'nueva zelanda'),
('pw', 'palaos'),
('pg', 'papúa nueva guinea'),
('ws', 'samoa'),
('sb', 'islas salomón'),
('to', 'tonga'),
('tv', 'tuvalu'),
('vu', 'vanuatu');

insert into users (fullname, password, email, code, active, created, admin) values
('elena navarro', '$2a$10$hs/gzcojgfaxtirvcmnhqubqczdqeb644rk3mqgn/q6jubfkglxgw', 'elena.navarro@example.com', 'es', true, '2024-11-20 10:30:00', true),
('john smith', '$2a$10$hs/gzcojgfaxtirvcmnhqubqczdqeb644rk3mqgn/q6jubfkglxgw', 'john.smith@example.com', 'us', true, '2025-01-15 14:22:00', false),
('marie dubois', '$2a$10$hs/gzcojgfaxtirvcmnhqubqczdqeb644rk3mqgn/q6jubfkglxgw', 'marie.dubois@example.com', 'fr', false, '2025-03-10 09:00:00', false),
('lukas müller', '$2a$10$hs/gzcojgfaxtirvcmnhqubqczdqeb644rk3mqgn/q6jubfkglxgw', 'lukas.muller@example.com', 'de', true, '2025-05-01 18:45:30', false),
('carlos rodriguez', '$2a$10$hs/gzcojgfaxtirvcmnhqubqczdqeb644rk3mqgn/q6jubfkglxgw', 'carlos.r@example.com', 'mx', true, '2024-09-05 20:15:00', false),
('sophia rossi', '$2a$10$hs/gzcojgfaxtirvcmnhqubqczdqeb644rk3mqgn/q6jubfkglxgw', 'sophia.rossi@example.com', 'it', true, '2025-02-18 11:00:00', false),
('olivia chen', '$2a$10$hs/gzcojgfaxtirvcmnhqubqczdqeb644rk3mqgn/q6jubfkglxgw', 'olivia.chen@example.com', 'au', false, '2025-06-22 05:30:00', false),
('liam o''sullivan', '$2a$10$hs/gzcojgfaxtirvcmnhqubqczdqeb644rk3mqgn/q6jubfkglxgw', 'liam.osullivan@example.com', 'ie', true, '2024-12-30 13:00:00', false),
('isabella costa', '$2a$10$hs/gzcojgfaxtirvcmnhqubqczdqeb644rk3mqgn/q6jubfkglxgw', 'isabella.costa@example.com', 'br', true, '2025-07-11 22:10:00', false),
('kenji tanaka', '$2a$10$hs/gzcojgfaxtirvcmnhqubqczdqeb644rk3mqgn/q6jubfkglxgw', 'kenji.tanaka@example.com', 'ca', true, '2025-08-01 16:55:00', true),
('fatima al-fassi', '$2a$10$hs/gzcojgfaxtirvcmnhqubqczdqeb644rk3mqgn/q6jubfkglxgw', 'fatima.alfassi@example.com', 'pt', false, '2025-04-04 08:20:00', false),
('david miller', '$2a$10$hs/gzcojgfaxtirvcmnhqubqczdqeb644rk3mqgn/q6jubfkglxgw', 'david.miller@example.com', 'gb', true, '2025-09-12 11:40:00', false),
('maria gonzález', '$2a$10$hs/gzcojgfaxtirvcmnhqubqczdqeb644rk3mqgn/q6jubfkglxgw', 'maria.gonzalez@example.com', 'ar', true, '2024-10-16 19:00:00', false),
('hans schmidt', '$2a$10$hs/gzcojgfaxtirvcmnhqubqczdqeb644rk3mqgn/q6jubfkglxgw', 'hans.schmidt@example.com', 'ch', true, '2025-09-03 12:00:00', false),
('chloe williams', '$2a$10$hs/gzcojgfaxtirvcmnhqubqczdqeb644rk3mqgn/q6jubfkglxgw', 'chloe.williams@example.com', 'nz', false, '2025-08-20 23:50:00', false),
('juan martinez', '$2a$10$hs/gzcojgfaxtirvcmnhqubqczdqeb644rk3mqgn/q6jubfkglxgw', 'juan.martinez@example.com', 'co', true, '2025-01-25 15:00:00', false),
('emma larsson', '$2a$10$hs/gzcojgfaxtirvcmnhqubqczdqeb644rk3mqgn/q6jubfkglxgw', 'emma.larsson@example.com', 'se', true, '2025-07-30 09:30:00', false),
('antonio silva', '$2a$10$hs/gzcojgfaxtirvcmnhqubqczdqeb644rk3mqgn/q6jubfkglxgw', 'antonio.silva@example.com', 'pt', true, '2024-11-11 17:25:00', false),
('sophie tremblay', '$2a$10$hs/gzcojgfaxtirvcmnhqubqczdqeb644rk3mqgn/q6jubfkglxgw', 'sophie.tremblay@example.com', 'ca', false, '2025-09-15 14:00:00', false),
('pedro sánchez', '$2a$10$hs/gzcojgfaxtirvcmnhqubqczdqeb644rk3mqgn/q6jubfkglxgw', 'pedro.sanchez@example.com', 'es', true, '2025-04-19 10:10:00', true);

insert into products (product_name, price, status, created) values
('laptop pro x15', 1250.99, 'in_stock', '2024-01-10 09:00:00'),
('gaming mouse g502', 75.50, 'available', '2024-01-11 10:30:00'),
('mechanical keyboard k8', 130.00, 'in_stock', '2024-01-12 11:45:00'),
('4k monitor 27"', 450.80, 'out_stock', '2024-02-05 14:00:00'),
('webcam hd 1080p', 60.00, 'in_stock', '2024-02-06 15:20:00'),
('ssd nvme 1tb', 110.25, 'available', '2024-02-07 16:00:00'),
('ram ddr4 16gb kit', 85.00, 'in_stock', '2024-03-15 09:30:00'),
('cpu core i9', 580.90, 'in_stock', '2024-03-16 10:00:00'),
('gpu rtx 4070', 650.00, 'in_stock', '2024-03-17 11:10:00'),
('motherboard z790', 220.40, 'available', '2024-04-01 12:00:00'),
('power supply 750w gold', 115.00, 'discontinued', '2024-04-02 13:00:00'),
('pc case mid-tower', 95.99, 'in_stock', '2024-04-03 14:30:00'),
('wireless headset h7', 150.00, 'available', '2024-05-10 09:00:00'),
('external hard drive 2tb', 70.00, 'in_stock', '2024-05-11 10:45:00'),
('usb-c hub 8-in-1', 45.50, 'in_stock', '2024-05-12 11:00:00'),
('graphics tablet pro', 320.00, 'available', '2024-06-20 14:00:00'),
('laptop cooler pad', 35.20, 'in_stock', '2024-06-21 15:00:00'),
('wifi 6 router', 180.75, 'out_stock', '2024-06-22 16:30:00'),
('bluetooth speaker', 55.00, 'in_stock', '2024-07-01 09:15:00'),
('ergonomic office chair', 290.60, 'available', '2024-07-02 10:00:00'),
('laptop pro x13 (old model)', 950.00, 'discontinued', '2024-07-03 11:00:00'),
('gaming mouse g301', 40.50, 'in_stock', '2024-08-15 12:00:00'),
('membrane keyboard k2', 30.00, 'in_stock', '2024-08-16 13:20:00'),
('1080p monitor 24"', 180.00, 'in_stock', '2024-08-17 14:00:00'),
('webcam 720p', 25.00, 'out_stock', '2024-09-01 15:00:00'),
('ssd sata 512gb', 50.75, 'available', '2024-09-02 16:10:00'),
('ram ddr4 8gb stick', 40.00, 'in_stock', '2024-09-03 17:00:00'),
('cpu core i5', 230.90, 'in_stock', '2024-10-10 09:00:00'),
('gpu gtx 1660 super', 210.00, 'discontinued', '2024-10-11 10:00:00'),
('motherboard b550', 140.50, 'available', '2024-10-12 11:30:00'),
('power supply 550w bronze', 65.00, 'in_stock', '2024-11-20 10:30:00'),
('pc case full-tower', 155.99, 'available', '2024-11-21 12:00:00'),
('wired headset h3', 60.00, 'in_stock', '2024-11-22 14:00:00'),
('external ssd 1tb', 120.00, 'available', '2025-01-05 09:45:00'),
('usb 3.0 flash drive 128gb', 20.50, 'in_stock', '2025-01-06 10:00:00'),
('drawing monitor 16"', 550.00, 'in_stock', '2025-01-07 11:00:00'),
('vertical mouse', 42.80, 'available', '2025-02-18 12:15:00'),
('mesh wifi system', 250.00, 'in_stock', '2025-02-19 13:00:00'),
('noise cancelling headphones', 220.45, 'out_stock', '2025-02-20 14:00:00'),
('adjustable standing desk', 400.00, 'available', '2025-03-10 15:30:00'),
('cpu ryzen 7', 350.00, 'in_stock', '2025-03-11 16:00:00'),
('gpu rtx 4060', 420.50, 'in_stock', '2025-04-01 09:00:00'),
('mini-itx motherboard', 180.99, 'available', '2025-04-02 10:00:00'),
('vr headset quest 3', 530.00, 'in_stock', '2025-05-15 11:20:00'),
('portable monitor 15"', 210.25, 'in_stock', '2025-05-16 12:00:00'),
('docking station thunderbolt 4', 300.00, 'available', '2025-06-01 13:00:00'),
('4tb nas server', 480.60, 'in_stock', '2025-07-20 14:00:00'),
('smart led light strip', 28.99, 'discontinued', '2025-07-21 15:45:00'),
('ultra-wide monitor 34"', 850.00, 'out_stock', '2025-08-30 16:00:00'),
('laptop stand', 32.75, 'in_stock', '2025-09-01 17:00:00');

insert into orders (user_id, status, created) values
(1, 'completed', '2025-01-15 10:30:00'),
(2, 'shipped', '2025-09-20 11:00:00'),
(5, 'processing', '2025-09-24 09:15:00'),
(3, 'completed', '2025-03-05 14:00:00'),
(4, 'cancelled', '2025-02-10 18:45:00'),
(1, 'returned', '2025-04-22 12:00:00'),
(6, 'delivered', '2025-08-01 16:20:00'),
(7, 'pending_payment', '2025-09-25 14:00:00'),
(8, 'processing', '2025-09-23 13:00:00'),
(10, 'completed', '2025-05-18 11:30:00'),
(11, 'shipped', '2025-09-21 17:00:00'),
(12, 'cancelled', '2025-06-30 20:00:00'),
(15, 'completed', '2025-07-11 09:00:00'),
(9, 'processing', '2025-09-22 10:10:00'),
(13, 'delivered', '2025-08-19 15:00:00'),
(2, 'processing', '2025-09-25 08:30:00'),
(14, 'completed', '2025-09-02 18:00:00'),
(16, 'shipped', '2025-09-19 14:30:00'),
(18, 'pending_payment', '2025-09-25 11:45:00'),
(1, 'completed', '2025-09-10 19:00:00'),
(17, 'delivered', '2025-09-05 13:25:00'),
(19, 'processing', '2025-09-24 16:00:00'),
(5, 'completed', '2025-07-25 10:00:00'),
(3, 'shipped', '2025-09-23 09:45:00'),
(8, 'completed', '2025-09-12 12:30:00'),
(10, 'processing', '2025-09-25 00:30:00'),
(4, 'returned', '2025-09-01 11:00:00'),
(7, 'shipped', '2025-09-18 15:45:00'),
(6, 'completed', '2025-09-15 17:00:00');


insert into order_product (order_id, product_id, amount) values
(1, 1, 1),
(1, 3, 2),
(2, 9, 1),
(3, 2, 1),
(3, 5, 1),
(4, 11, 4),
(5, 40, 1),
(6, 1, 1),
(6, 7, 2),
(6, 8, 1),
(7, 22, 3),
(8, 15, 1),
(9, 30, 1),
(9, 31, 1),
(10, 4, 1),
(11, 18, 2),
(12, 50, 1),
(13, 1, 1),
(13, 6, 1),
(14, 25, 2),
(15, 33, 1),
(15, 34, 1),
(16, 44, 1),
(17, 10, 1),
(18, 12, 2),
(19, 28, 1),
(19, 29, 1),
(20, 1, 1),
(21, 49, 1),
(22, 2, 1),
(23, 16, 5),
(24, 20, 2),
(24, 21, 2),
(25, 38, 1),
(26, 42, 1),
(27, 4, 1),
(28, 14, 2),
(29, 24, 1);

